{"learner": {"attributes": {}, "feature_names": [], "feature_types": [], "gradient_booster": {"model": {"gbtree_model_param": {"num_parallel_tree": "1", "num_trees": "8"}, "iteration_indptr": [0, 1, 2, 3, 4, 5, 6, 7, 8], "tree_info": [0, 0, 0, 0, 0, 0, 0, 0], "trees": [{"base_weights": [0.013057335, 0.53841364, -0.6068753, -0.052686173, 0.80473924, -0.09650189, -0.20739222, -0.008399626, 0.11189499, -0.052922178, 0.043344945], "categories": [], "categories_nodes": [], "categories_segments": [], "categories_sizes": [], "default_left": [0, 0, 0, 0, 0, 0, 0, 0, 0, 0, 0], "id": 0, "left_children": [1, 3, 5, -1, 7, 9, -1, -1, -1, -1, -1], "loss_changes": [11.845058, 6.005505, 12.2986355, 0.0, 4.599475, 3.3099341, 0.0, 0.0, 0.0, 0.0, 0.0], "parents": [2147483647, 0, 0, 1, 1, 2, 2, 4, 4, 5, 5], "right_children": [2, 4, 6, -1, 8, 10, -1, -1, -1, -1, -1], "split_conditions": [0.90453404, -0.72739524, 0.43973434, -0.052686173, -0.26367873, 0.7106497, -0.20739222, -0.008399626, 0.11189499, -0.052922178, 0.043344945], "split_indices": [5, 1, 0, 0, 0, 1, 0, 0, 0, 0, 0], "split_type": [0, 0, 0, 0, 0, 0, 0, 0, 0, 0, 0], "sum_hessian": [34.366352, 18.673317, 15.693036, 3.5390825, 15.134234, 12.433355, 3.2596812, 4.1444516, 10.989782, 6.84533, 5.588025], "tree_param": {"num_deleted": "0", "num_feature": "10", "num_nodes": "11", "size_leaf_vector": "1"}}, {"base_weights": [-0.0035957615, 0.07152902, -0.5969343, -0.1332641, 0.030535832], "categories": [], "categories_nodes": [], "categories_segments": [], "categories_sizes": [], "default_left": [0, 0, 0, 0, 0], "id": 1, "left_children": [1, -1, 3, -1, -1], "loss_changes": [6.287176, 0.0, 5.7651377, 0.0, 0.0], "parents": [2147483647, 0, 0, 2, 2], "right_children": [2, -1, 4, -1, -1], "split_conditions": [-0.5546708, 0.07152902, 0.52806526, -0.1332641, 0.030535832], "split_indices": [0, 0, 0, 0, 0], "split_type": [0, 0, 0, 0, 0], "sum_hessian": [12.73882, 5.66708, 7.0717406, 3.6327434, 3.438997], "tree_param": {"num_deleted": "0", "num_feature": "10", "num_nodes": "5", "size_leaf_vector": "1"}}, {"base_weights": [-0.0018307242, 0.45725065, -0.64139354, -0.28078824, 1.4936736, -0.096480906, -1.3157207, 0.043144416, -0.09988013, 0.07333175, 0.18196005, -0.061426647, 0.08309964, -0.05197789, -0.15569833], "categories": [], "categories_nodes": [], "categories_segments": [], "categories_sizes": [], "default_left": [0, 0, 0, 0, 0, 0, 0, 0, 0, 0, 0, 0, 0, 0, 0], "id": 2, "left_children": [1, 3, 5, 7, 9, 11, 13, -1, -1, -1, -1, -1, -1, -1, -1], "loss_changes": [19.272486, 29.649734, 9.951099, 12.275502, 2.6437035, 8.3134165, 1.5294132, 0.0, 0.0, 0.0, 0.0, 0.0, 0.0, 0.0, 0.0], "parents": [2147483647, 0, 0, 1, 1, 2, 2, 3, 3, 4, 4, 5, 5, 6, 6], "right_children": [2, 4, 6, 8, 10, 12, 14, -1, -1, -1, -1, -1, -1, -1, -1], "split_conditions": [0.36059874, 0.10898683, 1.1379243, 0.85899013, 0.85899013, 0.9039081, -0.6220023, 0.043144416, -0.09988013, 0.07333175, 0.18196005, -0.061426647, 0.08309964, -0.05197789, -0.15569833], "split_indices": [1, 1, 7, 5, 5, 1, 0, 0, 0, 0, 0, 0, 0, 0, 0], "split_type": [0, 0, 0, 0, 0, 0, 0, 0, 0, 0, 0, 0, 0, 0, 0], "sum_hessian": [63.640575, 37.21356, 26.42702, 22.161432, 15.052123, 15.248242, 11.178776, 11.325865, 10.835568, 5.4913282, 9.560795, 10.002063, 5.24618, 3.3340209, 7.844755], "tree_param": {"num_deleted": "0", "num_feature": "10", "num_nodes": "15", "size_leaf_vector": "1"}}, {"base_weights": [0.010278831, 0.2920354, -0.7972481, 0.6157557, -0.092913665, -0.18511806, -1.2866693, -0.077506654, 0.067490004, -0.20832184, 0.0006520379, 0.017058179, -0.089186065, -0.19777615, -0.08724394], "categories": [], "categories_nodes": [], "categories_segments": [], "categories_sizes": [], "default_left": [0, 0, 0, 0, 0, 0, 0, 0, 0, 0, 0, 0, 0, 0, 0], "id": 3, "left_children": [1, 3, 5, 7, 9, 11, 13, -1, -1, -1, -1, -1, -1, -1, -1], "loss_changes": [66.69231, 27.132969, 22.47739, 10.242355, 19.827658, 8.914539, 10.288261, 0.0, 0.0, 0.0, 0.0, 0.0, 0.0, 0.0, 0.0], "parents": [2147483647, 0, 0, 1, 1, 2, 2, 3, 3, 4, 4, 5, 5, 6, 6], "right_children": [2, 4, 6, 8, 10, 12, 14, -1, -1, -1, -1, -1, -1, -1, -1], "split_conditions": [0.14370565, 0.90453404, 0.90453404, -1.1526577, -1.5124732, 1.332226, -1.2144177, -0.077506654, 0.067490004, -0.20832184, 0.0006520379, 0.017058179, -0.089186065, -0.19777615, -0.08724394], "split_indices": [4, 5, 5, 1, 1, 4, 3, 0, 0, 0, 0, 0, 0, 0, 0], "split_type": [0, 0, 0, 0, 0, 0, 0, 0, 0, 0, 0, 0, 0, 0, 0], "sum_hessian": [291.09616, 216.27382, 74.82236, 117.154205, 99.11961, 33.856056, 40.9663, 4.284981, 112.869225, 3.7670162, 95.3526, 23.025887, 10.830172, 13.93796, 27.028341], "tree_param": {"num_deleted": "0", "num_feature": "10", "num_nodes": "15", "size_leaf_vector": "1"}}, {"base_weights": [0.06793644, 0.4829524, -0.40084162, -0.1327144, 0.948046, 0.06623511, -0.17567258, -0.07058286, 0.038113095, 0.042589854, 0.11923492, -0.038657237, 0.080374174], "categories": [], "categories_nodes": [], "categories_segments": [], "categories_sizes": [], "default_left": [0, 0, 0, 0, 0, 0, 0, 0, 0, 0, 0, 0, 0], "id": 4, "left_children": [1, 3, 5, 7, 9, 11, -1, -1, -1, -1, -1, -1, -1], "loss_changes": [7.0957165, 5.644009, 11.012989, 2.9696202, 0.9082346, 4.9062405, 0.0, 0.0, 0.0, 0.0, 0.0, 0.0, 0.0], "parents": [2147483647, 0, 0, 1, 1, 2, 2, 3, 3, 4, 4, 5, 5], "right_children": [2, 4, 6, 8, 10, 12, -1, -1, -1, -1, -1, -1, -1], "split_conditions": [0.90453404, -0.18808953, 0.43973434, 0.6779953, 0.23923749, -0.26385686, -0.17567258, -0.07058286, 0.038113095, 0.042589854, 0.11923492, -0.038657237, 0.080374174], "split_indices": [5, 0, 0, 4, 1, 0, 0, 0, 0, 0, 0, 0, 0], "split_type": [0, 0, 0, 0, 0, 0, 0, 0, 0, 0, 0, 0, 0], "sum_hessian": [34.477337, 18.271276, 16.20606, 8.17039, 10.100887, 12.761211, 3.4448488, 3.685817, 4.4845734, 4.0940404, 6.0068464, 8.201543, 4.5596685], "tree_param": {"num_deleted": "0", "num_feature": "10", "num_nodes": "13", "size_leaf_vector": "1"}}, {"base_weights": [-0.9005993, -0.017064493, -1.3656132, -0.036562048, -0.20123057], "categories": [], "categories_nodes": [], "categories_segments": [], "categories_sizes": [], "default_left": [0, 0, 0, 0, 0], "id": 5, "left_children": [1, -1, 3, -1, -1], "loss_changes": [4.210617, 0.0, 4.34336, 0.0, 0.0], "parents": [2147483647, 0, 0, 2, 2], "right_children": [2, -1, 4, -1, -1], "split_conditions": [-0.5546708, -0.017064493, -0.6959317, -0.036562048, -0.20123057], "split_indices": [0, 0, 1, 0, 0], "split_type": [0, 0, 0, 0, 0], "sum_hessian": [12.091165, 5.237142, 6.8540225, 3.3064961, 3.5475266], "tree_param": {"num_deleted": "0", "num_feature": "10", "num_nodes": "5", "size_leaf_vector": "1"}}, {"base_weights": [-0.8803437, -0.41397053, -1.5976833, -0.9988983, 0.3970107, -1.0477686, -0.2110519, -0.029656364, -0.16256416, 0.121927395, -0.0028758906, -0.15398203, 0.030095426], "categories": [], "categories_nodes": [], "categories_segments": [], "categories_sizes": [], "default_left": [0, 0, 0, 0, 0, 0, 0, 0, 0, 0, 0, 0, 0], "id": 6, "left_children": [1, 3, 5, 7, 9, 11, -1, -1, -1, -1, -1, -1, -1], "loss_changes": [19.629295, 18.472157, 4.429096, 9.387747, 5.8755646, 9.321896, 0.0, 0.0, 0.0, 0.0, 0.0, 0.0, 0.0], "parents": [2147483647, 0, 0, 1, 1, 2, 2, 3, 3, 4, 4, 5, 5], "right_children": [2, 4, 6, 8, 10, 12, -1, -1, -1, -1, -1, -1, -1], "split_conditions": [0.45425424, 0.10898683, 1.1379243, 0.85899013, 0.12119081, 0.85899013, -0.2110519, -0.029656364, -0.16256416, 0.121927395, -0.0028758906, -0.15398203, 0.030095426], "split_indices": [1, 1, 7, 5, 1, 5, 0, 0, 0, 0, 0, 0, 0], "split_type": [0, 0, 0, 0, 0, 0, 0, 0, 0, 0, 0, 0, 0], "sum_hessian": [59.65107, 37.104763, 22.546305, 21.422134, 15.68263, 12.348294, 10.19801, 10.796572, 10.625563, 4.714366, 10.968264, 8.943696, 3.4045975], "tree_param": {"num_deleted": "0", "num_feature": "10", "num_nodes": "13",